slug,title,category,excerpt,image_url,gallery,content,title_th,excerpt_th,content_th
post-1,The 1.5 Million Baht Lesson: How Getting Cheated Built My Business,Struggle,In 2020 I lost 1.5 million baht to a supplier I never met. That failure taught me the five rules I still use today.,https://res.cloudinary.com/dfiomi0lb/image/upload/t_1000px-file-type-t0-jpeg/v1774009342/blog_1_img_1.png,"https://res.cloudinary.com/dfiomi0lb/image/upload/t_1000px-file-type-t0-jpeg/v1774009335/blog_1_img_2.png,https://res.cloudinary.com/dfiomi0lb/image/upload/t_1000px-file-type-t0-jpeg/v1774009337/blog_1_image_3.png,https://res.cloudinary.com/dfiomi0lb/image/upload/t_1000px-file-type-t0-jpeg/v1774009336/blog_1_image_4.png","The moment I realized I'd lost 1.5 million baht, I wasn't angry. I was sitting in lockdown, staring at my phone, watching a shipping container that didn't exist sail across an ocean it would never reach. And I thought: Well, there goes the escape plan.

Let me back up. In 2020, I was a plant manager for a French company in Thailand. Good pay. Corporate title. The kind of job people spend decades chasing. But everything started shifting ‚Äî reorgs, travel restrictions, a move to supply chain director that meant constant trips to India, Japan, Korea. Meanwhile, my body was falling apart. Overweight. Chronic muscle pain. Zero flexibility. So I started showing up at the gym every single day, and I never stopped. That discipline? That was the first sign something else was brewing.

By 2021, the country was completely locked down, and I took a 6-million-baht package to leave. Freedom. Or so I thought.

I had this vision: buy premium Hammer Strength equipment from the UK. Build something real. Janis Hammer ‚Äî named after my daughter, Janis, who was six at the time. Hammer for the brand I trusted. It felt like destiny.

But I couldn't travel to inspect the goods. Covid made sure of that. I wired the money. Paid without seeing a correct Bill of Lading. Trusted a voice on the phone who refused video calls and dodged live reviews. Six months later, the equipment didn't exist. 1.5 million baht. Gone.

That failure taught me five things I'll never forget:
1. Never pay without seeing the correct BL.
2. If it's high stakes and first-time business, meet them in person.
3. Use Letters of Credit for overseas deals until trust is earned.
4. Even with a BL, verify with the forwarder directly.
5. If someone refuses a conference call or live review? Walk away. Immediately.

The company was registered. Janis Hammer existed on paper. But it never really ran. And honestly? That was fine, because I was learning the harder truth: escaping the rat race isn't about one big move. It's about realizing your future can't depend on some senior executive who sees you as replaceable. And when you start a business? Trust no one.

So in late 2021, while still in lockdown, I watched my daughter Jayda (my Janis) fall in love with skateboarding. Surfskate was exploding in Thailand. I'd spent money on her training, saw her natural gift, and immediately started researching brands we didn't have yet. The company name was already there ‚Äî Janis Hammer ‚Äî but the project shifted. Janis Flow was born.

That's the story for another post. But here's what I want you to take away: sometimes your first business fails. Sometimes you lose money you can't afford. But if you're paying attention, you don't lose the lesson. And that lesson? It becomes the foundation for everything that comes next.",บทเรียน 1.5 ล้านบาท: การถูกหลอกที่สร้างธุรกิจของฉัน,ในปี 2020 เราสูญเสียเงิน 1.5 ล้านบาทให้กับซัพพลายเออร์ที่เราไม่เคยพบหน้า ความล้มเหลวนั้นสอนกฎ 5 ข้อที่เรายังใช้อยู่จนถึงทุกวันนี้,"ตอนที่เรารู้ว่าสูญเสียเงิน 1.5 ล้านบาทไป เราไม่ได้โกรธ เรากำลังนั่งอยู่ในช่วงล็อกดาวน์ จ้องมองโทรศัพท์ ดูตู้คอนเทนเนอร์ที่ไม่มีอยู่จริงแล่นข้ามมหาสมุทรที่มันไม่มีวันถึง และเราคิดว่า: แล้วแผนการหลบหนีก็จบลงเพียงเท่านี้

ขอเล่าย้อนกลับไป ในปี 2020 เราเป็นผู้จัดการโรงงานให้กับบริษัทฝรั่งเศสแห่งหนึ่งในประเทศไทย เงินเดือนดี ตำแหน่งผู้บริหาร งานที่ใครหลายคนใช้เวลาทั้งชีวิตเพื่อไขว่คว้า แต่ทุกอย่างเริ่มเปลี่ยนไป — การปรับโครงสร้าง ข้อจำกัดในการเดินทาง การเลื่อนตำแหน่งเป็นผู้จัดการฝ่ายซัพพลายเชนที่ต้องเดินทางไปอินเดีย ญี่ปุ่น เกาหลีอยู่ตลอดเวลา ขณะเดียวกัน สุขภาพร่างกายของเราก็ย่ำแย่ น้ำหนักเกิน ปวดกล้ามเนื้อเรื้อรัง ไม่มีความยืดหยุ่นเลย เราจึงเริ่มเข้าฟิตเนสทุกวัน และไม่เคยหยุด วินัยนั้น? มันเป็นสัญญาณแรกที่มีอะไรบางอย่างกำลังก่อตัวขึ้น

ภายในปี 2021 ประเทศถูกล็อกดาวน์โดยสมบูรณ์ และเรารับแพ็คเกจ 6 ล้านบาทเพื่อลาออก อิสรภาพ อย่างที่เราคิด

เรามีความฝัน: ซื้ออุปกรณ์ Hammer Strength คุณภาพสูงจากอังกฤษ สร้างสิ่งที่ยิ่งใหญ่ Janis Hammer — ตั้งชื่อตามลูกสาวของเรา จานิส ซึ่งตอนนั้นอายุหกขวบ Hammer มาจากแบรนด์ที่เราไว้วางใจ มันให้ความรู้สึกเหมือนเป็นโชคชะตา

แต่เราไม่สามารถเดินทางไปตรวจสอบสินค้าได้ โควิดเป็นอุปสรรค เราโอนเงิน จ่ายเงินโดยไม่เห็น Bill of Lading ที่ถูกต้อง ไว้ใจเสียงปลายสายที่ปฏิเสธการวิดีโอคอลและหลบเลี่ยงการตรวจสอบสด หกเดือนต่อมา อุปกรณ์เหล่านั้นก็ไม่มีอยู่จริง 1.5 ล้านบาท สูญหาย

ความล้มเหลวนั้นสอนเราห้าสิ่งที่เราจะไม่มีวันลืม:
1. ห้ามจ่ายเงินโดยไม่เห็น Bill of Lading ที่ถูกต้อง
2. หากเป็นธุรกิจครั้งแรกที่มีมูลค่าสูง ต้องพบหน้ากัน
3. ใช้ Letter of Credit สำหรับการค้าต่างประเทศจนกว่าจะไว้ใจกัน
4. แม้จะมี BL ก็ต้องตรวจสอบกับบริษัทขนส่งโดยตรง
5. หากใครปฏิเสธการประชุมทางไกลหรือการตรวจสอบสด? ถอยออกมา ทันที

บริษัทจดทะเบียนแล้ว Janis Hammer มีตัวตนบนกระดาษ แต่มันไม่เคยดำเนินงานจริงๆ และพูดตามตรง? ก็ไม่เป็นไร เพราะเรากำลังเรียนรู้ความจริงที่หนักหน่วงมากขึ้น: การหลุดพ้นจากวงจรหนูไม่ใช่การเคลื่อนไหวครั้งใหญ่ครั้งเดียว มันคือการตระหนักว่าอนาคตของคุณไม่สามารถขึ้นอยู่กับผู้บริหารระดับสูงที่มองคุณเป็นแค่สิ่งที่ทดแทนได้ และเมื่อคุณเริ่มต้นธุรกิจ? อย่าไว้ใจใคร

ดังนั้นในช่วงปลายปี 2021 ขณะที่ยังล็อกดาวน์ เราได้เห็นลูกสาวของเรา เจย์ดา (จานิสของเรา) หลงรักการเล่นสเก็ตบอร์ด Surfskate กำลังมาแรงในไทย เราใช้เงินให้เธอฝึกฝน เห็นพรสวรรค์ตามธรรมชาติของเธอ และเริ่มค้นคว้าแบรนด์ที่เรายังไม่มีในทันที ชื่อบริษัทมีอยู่แล้ว — Janis Hammer — แต่โปรเจ็กต์เปลี่ยนไป Janis Flow ถือกำเนิดขึ้น

นั่นคือเรื่องราวสำหรับโพสต์อื่น แต่สิ่งที่เราอยากให้คุณได้รับคือ: บางครั้งธุรกิจแรกของคุณล้มเหลว บางครั้งคุณเสียเงินที่คุณไม่สามารถจะเสียได้ แต่ถ้าคุณใส่ใจ คุณจะไม่สูญเสียบทเรียน และบทเรียนนั้น? มันจะกลายเป็นรากฐานสำหรับทุกสิ่งที่ตามมา"
post-2,The Shop That Boomed and Bust in One Year: What a Surfskate Trend Taught Me,Business,"We sold out for 8 months. Then the wave crashed. What a surfskate trend taught me about timing, inventory, and knowing when to exit.",https://res.cloudinary.com/dfiomi0lb/image/upload/t_1000px-file-type-t0-jpeg/v1774009345/blog_2_image_1.png,"https://res.cloudinary.com/dfiomi0lb/image/upload/t_1000px-file-type-t0-jpeg/v1774009336/blog_2_image_2.png,https://res.cloudinary.com/dfiomi0lb/image/upload/t_1000px-file-type-t0-jpeg/v1774009337/blog_2_image_3.png,https://res.cloudinary.com/dfiomi0lb/image/upload/t_1000px-file-type-t0-jpeg/janis-shop-2,https://res.cloudinary.com/dfiomi0lb/image/upload/t_1000px-file-type-t0-jpeg/janisshop-1","Wisdom Valley, Pattaya. I still remember watching kids carve through the ramps we'd just installed, surfskates flying off the shelves faster than we could stock them. Parents waiting in line. Classes booked solid. And somewhere in the back of my head, a quiet voice: This won't last.

But let me rewind a bit.

After the Hammer Strength disaster, I had a registered company and a new direction. Janis Flow started in Wisdom Valley with my first shop. I also opened another spot nearby selling decorative art ‚Äî because I've always loved collecting. The idea was simple: bring in brands Thailand didn't have yet. Outride from Italy. Brand X from the USA. Smoothstar from Taiwan. Yow as a dealer partner. Micro scooter for the little ones.

Working with brand owners around the world was incredible. Real relationships. Real products. And the market responded immediately. Everything sold out. Customers kept asking for more, but supply couldn't keep up. Shipping delays, container backlogs ‚Äî the usual chaos. Still, we were riding high. We built ramps. Created training classes for kids. Invested heavily to make the space perfect. And people came. A lot of people.

Then, in a few months, it shifted.

Competition exploded. Every shop suddenly had surfskates. People's attention drifted. There were accidents in the scene. Buy-and-sell bluffing. The trend that lifted us started collapsing under its own weight. I saw it coming ‚Äî I really did ‚Äî but I couldn't fight it. Inventory was stuck on boats. Orders arrived late. By the time the stock hit our warehouse, the wave had already crashed.

We closed the shop after just one year. Left with over a million baht in unsold inventory.

Here's what I learned: businesses built on trends are like riding a wave. You need to paddle hard to catch it, but you also need to know when to pull out before it dumps you on the rocks. Speed matters. Strategic thinking about the downside matters more. And inventory? Inventory will kill you if you don't plan for the downturn before it happens.

I don't regret opening that shop. I learned how to work with global brands, how to build a community space, how to watch kids find joy on four wheels. But the next time I ride a trend? I'll move faster, think smaller on inventory, and always ‚Äî always ‚Äî have an exit plan before I even open the doors.",ร้านค้าที่รุ่งเรืองและล่มสลายในหนึ่งปี: บทเรียนจากเทรนด์ Surfskate,เราขายหมดเกลี้ยงติดต่อกัน 8 เดือน แล้วกระแสก็ซา สิ่งที่เทรนด์ surfskate สอนเราเกี่ยวกับจังหวะเวลา สินค้าคงคลัง และการรู้ว่าเมื่อไรควรถอย,"วัลเลย์ วิสดอม พัทยา เรายังจำภาพเด็กๆ ไถลผ่านรางที่เราเพิ่งติดตั้งไปได้ surfskate ปลิวออกจากชั้นวางเร็วกว่าที่เราจะเติมทัน ผู้ปกครองต่อแถวรอ คอร์สเรียนเต็ม และที่ไหนสักแห่งในหัวของเรา มีเสียงเบาๆ บอกว่า: สิ่งนี้จะไม่ยั่งยืน

แต่ขอเล่าย้อนกลับไปก่อน

หลังจากเหตุการณ์ Hammer Strength เรามีบริษัทที่จดทะเบียนแล้วและมีทิศทางใหม่ Janis Flow เริ่มต้นที่ Wisdom Valley กับร้านแรกของเรา เรายังเปิดอีกแห่งใกล้ๆ ขายของตกแต่งศิลปะ — เพราะเราชอบสะสมของมาโดยตลอด ไอเดียมันเรียบง่าย: นำเข้าแบรนด์ที่ประเทศไทยยังไม่มี Outride จากอิตาลี Brand X จากอเมริกา Smoothstar จากไต้หวัน Yow ในฐานะดีลเลอร์ Micro scooter สำหรับเด็กเล็ก

การได้ร่วมงานกับเจ้าของแบรนด์ทั่วโลกเป็นอะไรที่ยอดเยี่ยมมาก ความสัมพันธ์ที่แท้จริง สินค้าที่แท้จริง และตลาดก็ตอบรับทันที ทุกอย่างขายหมด ลูกค้าถามหาสินค้าเพิ่มเรื่อยๆ แต่ซัพพลายก็ตามไม่ทัน ความล่าช้าในการขนส่ง ตู้คอนเทนเนอร์ติดค้าง — ความวุ่นวายตามปกติ ถึงกระนั้น เราก็อยู่ในช่วงขาขึ้น เราสร้างราง จัดคลาสฝึกอบรมสำหรับเด็ก ลงทุนอย่างหนักเพื่อทำให้พื้นที่สมบูรณ์แบบ และผู้คนก็มา เยอะมาก

จากนั้น ในเวลาไม่กี่เดือน ทุกอย่างก็เปลี่ยนไป

คู่แข่งผุดขึ้นเหมือนดอกเห็ด ทุกร้านก็มี surfskate ความสนใจของคนเริ่มลดลง เกิดอุบัติเหตุในวงการ การซื้อมาขายไปเพื่อโก่งราคา กระแสที่ยกเราขึ้นมาเริ่มพังทลายลงด้วยน้ำหนักของมันเอง เราเห็นมันมา — จริงๆ นะ — แต่เราสู้มันไม่ได้ สินค้าติดค้างอยู่บนเรือ คำสั่งซื้อมาถึงล่าช้า พอสินค้ามาถึงคลังเรา คลื่นก็ซัดฝั่งไปแล้ว

เราปิดร้านหลังจากเปิดได้แค่ปีเดียว เหลือสินค้าค้างมูลค่ากว่าล้านบาท

นี่คือสิ่งที่เราได้เรียนรู้: ธุรกิจที่สร้างบนกระแสก็เหมือนการเล่นคลื่น คุณต้องว่ายน้ำให้แรงเพื่อจับคลื่นให้ได้ แต่คุณก็ต้องรู้ด้วยว่าเมื่อไรควรถอยออกมาก่อนที่คลื่นจะซัดคุณโขดหิน ความเร็วสำคัญ การคิดเชิงกลยุทธ์เกี่ยวกับความเสี่ยงเป็นสิ่งที่สำคัญยิ่งกว่า และสินค้าคงคลัง? สินค้าคงคลังจะทำลายคุณ ถ้าคุณไม่ได้วางแผนสำหรับช่วงขาลงก่อนที่มันจะมา

เราไม่ได้เสียใจที่เปิดร้านนั้น เราได้เรียนรู้วิธีทำงานกับแบรนด์ระดับโลก วิธีสร้างพื้นที่ชุมชน วิธีได้เห็นเด็กๆ ค้นพบความสุขบนล้อสี่ล้อ แต่ครั้งหน้าที่เราจะเล่นกับกระแส? เราจะเคลื่อนไหวให้เร็วขึ้น คิดเรื่องสต็อกให้น้อยลง และตลอดเวลา — ตลอดเวลา — ต้องมีแผนถอยก่อนที่จะเปิดประตูร้านด้วยซ้ำ"
post-3,Yoga on Water: When a Great Idea Meets Reality,Business,It looked incredible on the lake. But every water source came with a gatekeeper. Here's why knowing when to stop is the real skill.,https://res.cloudinary.com/dfiomi0lb/image/upload/t_1000px-file-type-t0-jpeg/v1774009340/blog_3_image_1.png,"https://res.cloudinary.com/dfiomi0lb/image/upload/t_1000px-file-type-t0-jpeg/v1774009339/blog_3_image_2.png,https://res.cloudinary.com/dfiomi0lb/image/upload/t_1000px-file-type-t0-jpeg/v1774009338/blog_3_image_3.png,https://res.cloudinary.com/dfiomi0lb/image/upload/t_1000px-resize/shop-1.heic,https://res.cloudinary.com/dfiomi0lb/image/upload/t_1000px-resize/p-yoga-3,https://res.cloudinary.com/dfiomi0lb/image/upload/t_1000px-file-type-t0-jpeg/clawmachine-production-3","I remember watching yoga instructors wobble on SUP boards in the middle of Wisdom Valley's lake, trying to hold downward dog while the water pushed back. It looked incredible. Peaceful. The kind of thing that makes people stop and stare. And I thought: This is it. This is the next wave.

Spoiler: it wasn't.

When the surfskate trend started cooling off, I wasn't going to sit around. I wanted something new ‚Äî something that could use the same community space but offer something different. Stand-up paddleboarding caught my attention. Wisdom Valley had this large lake just sitting there. Perfect for yoga on water. Aerial shots. Social media gold. I could see it.

So I ordered boards. Hard boards. Inflatable boards. All from China, just to test. Found potential yoga instructors and put them through training. Reached out to Nok Studio, a local yoga studio, to partner. We pulled off a big show on the water ‚Äî multiple times. It looked stunning. We even hosted SUP training for a rugby school's summer program. Kids paddling. Parents watching. Everything felt aligned.

But here's what I learned: a beautiful idea doesn't fix logistics.

SUP yoga relies on one thing: water. Not just any water ‚Äî accessible, usable water. Wisdom Valley's lake? Government approval needed. Private artificial lakes? Owner permission required. Hotels? They care more about their guests relaxing than some entrepreneur running a niche water sport in their backyard. Every water source came with a gatekeeper. And every gatekeeper said no, or made it so difficult that profitability disappeared.

I looked at the numbers. Short term? No profit. Long term? Only viable as an add-on to something else, not a standalone business. So I made the call: end the project. Quickly. Cleanly. No dragging it out hoping it would magically work.

Sometimes the best business decision is knowing when to stop. Not every idea deserves a year of your life. Not every beautiful concept translates into a sustainable model. And that's okay. You test, you learn, you move on.

The SUP boards? They're still somewhere in storage. But the lesson? That I keep.",โยคะบนน้ำ: เมื่อไอเดียดีๆ มาปะทะกับความเป็นจริง,มันดูสวยงามบนทะเลสาบ แต่ทุกแหล่งน้ำก็มีผู้ดูแล นี่คือเหตุผลว่าทำไมการรู้ว่าเมื่อไรควรหยุดคือทักษะที่แท้จริง,"เราจำได้ว่าได้เห็นครูสอนโยคะทรงตัวบนกระดาน SUP กลางทะเลสาบ Wisdom Valley พยายามทำท่าสุนัขคว่ำหน้าขณะที่น้ำข้างใต้ผลักดัน มันดูยอดเยี่ยม สงบ เป็นอะไรที่ทำให้คนต้องหยุดมอง และเราคิดว่า: นี่แหละ นี่คือคลื่นลูกต่อไป

สปอยเลอร์: มันไม่ใช่

เมื่อกระแส surfskate เริ่มซาลง เราไม่ได้จะนั่งเฉย เราต้องการอะไรใหม่ๆ — อะไรที่สามารถใช้พื้นที่ชุมชนเดิมแต่เสนออะไรที่แตกต่าง การพายเรือยืน (SUP) ดึงดูดความสนใจของเรา Wisdom Valley มีทะเลสาบขนาดใหญ่ว่างอยู่ เหมาะสำหรับโยคะบนน้ำ มุมมองทางอากาศ ทองคำสำหรับโซเชียลมีเดีย เรามองเห็นภาพนั้น

เราจึงสั่งกระดาน กระดานแข็ง เป่าลม จากจีนทั้งหมด เพื่อทดลอง หาครูสอนโยคะที่มีศักยภาพและส่งพวกเขาไปอบรม ติดต่อไปที่ Nok Studio ซึ่งเป็นสตูดิโอโยคะท้องถิ่นเพื่อร่วมมือ เราจัดการแสดงใหญ่บนน้ำ — หลายครั้ง มันดูสวยงามมาก เราเป็นเจ้าภาพฝึก SUP ให้กับโปรแกรมซัมเมอร์ของโรงเรียนรักบี้ เด็กๆ พายเรือ พ่อแม่ดู ทุกอย่างลงตัว

แต่นี่คือสิ่งที่เราได้เรียนรู้: ไอเดียที่สวยงามไม่สามารถแก้ไขเรื่องโลจิสติกส์ได้

SUP โยคะต้องพึ่งพาสิ่งหนึ่ง: น้ำ ไม่ใช่แค่น้ำไหนๆ — ต้องเป็นน้ำที่เข้าถึงได้และใช้ได้จริง ทะเลสาบของ Wisdom Valley? ต้องขออนุญาตรัฐบาล ทะเลสาบเทียมส่วนตัว? ต้องได้รับอนุญาตจากเจ้าของ โรงแรม? พวกเขาใส่ใจเรื่องความสงบของแขกมากกว่าการที่ผู้ประกอบการรายย่อยจะมาทำกิจกรรมกีฬาทางน้ำเฉพาะทางในพื้นที่ของตน ทุกแหล่งน้ำมีผู้ดูแล และผู้ดูแลทุกคนก็ปฏิเสธ หรือทำให้มันยากจนไม่มีกำไร

เราดูตัวเลข ระยะสั้น? ไม่มีกำไร ระยะยาว? จะอยู่รอดได้ก็ต้องเป็นกิจกรรมเสริมของอย่างอื่น ไม่ใช่ธุรกิจหลัก ดังนั้นเราจึงตัดสินใจ: จบโครงการนี้ อย่างรวดเร็ว สะอาดตา ไม่ยืดเยื้อด้วยความหวังว่าสักวันมันจะดีขึ้น

บางครั้งการตัดสินใจทางธุรกิจที่ดีที่สุดคือการรู้ว่าเมื่อไรควรหยุด ไม่ใช่ทุกไอเดียที่สมควรได้รับเวลาหนึ่งปีในชีวิตคุณ ไม่ใช่ทุกแนวคิดที่สวยงามจะกลายเป็นโมเดลที่ยั่งยืน และนั่นก็ไม่เป็นไร คุณทดสอบ เรียนรู้ และเดินต่อไป

กระดาน SUP พวกนั้น? พวกมันยังอยู่ในที่เก็บที่ไหนสักแห่ง แต่บทเรียน? เราเก็บมันไว้"
post-4,How a Failed SUP Business Led to Our Real Breakthrough,Business,"A conversation about a problem, a trip to meet a supplier, and years of small orders built I-Flex. Not from a grand plan ‚Äî from relationships.",https://res.cloudinary.com/dfiomi0lb/image/upload/t_1000px-file-type-t0-jpeg/v1774009345/blog_4_image_1.png,"https://res.cloudinary.com/dfiomi0lb/image/upload/t_1000px-file-type-t0-jpeg/v1774009339/blog_4_image_2.png,https://res.cloudinary.com/dfiomi0lb/image/upload/t_1000px-file-type-t0-jpeg/v1774009341/blog_4_image_3.png,https://res.cloudinary.com/dfiomi0lb/image/upload/t_1000px-file-type-t0-jpeg/factory-4,https://res.cloudinary.com/dfiomi0lb/image/upload/t_1000px-file-type-t0-jpeg/factory-7,https://res.cloudinary.com/dfiomi0lb/image/upload/t_1000px-file-type-t0-jpeg/factory-6","The SUP yoga project didn't work. But if I hadn't walked into that lake with a bunch of paddleboards, I never would have met K. Nok. And if I hadn't met K. Nok, I never would have found the machine that became everything.

Here's how it happened.

While we were testing SUP yoga, I connected with Nok, who owned a local yoga studio. She mentioned something in passing that stuck with me: she was looking for a good Pilates reformer ‚Äî something capable and affordable. Her current machine was German-made, beautiful, but expensive. She wanted an alternative.

Now, I've learned one thing over the years: I know how to work with China. Research, suppliers, travel, relationships. It's what I do. So I started digging. Talked to several suppliers. Filtered through the noise until I found one that felt right. Then I flew to meet the owner in person. Because after losing 1.5 million baht on a deal I never saw, I don't start anything without looking someone in the eye.

We started small. Three machines. Sometimes four. Orders here and there, nothing massive. From 2022 onward, we kept ordering, kept talking, kept improving the design together. It wasn't our main business. Honestly, it was almost background noise while we figured out other things.

Then, in 2025, I had a conversation with Scott, the owner of our supplier. He looked at me and said: You've been building this business in Thailand seriously for years now. Why not take our support and open it up to more people?

And he was right. The product was tested. Proven. Years of real-world use, real feedback, real improvements. We knew it was one of the best machines out there at a price that made sense. So I-Flex Thailand was born.

Not from a grand plan. Not from a pitch deck or investor funding. From a conversation about a problem Nok had, a trip to meet a supplier in China, and years of small, consistent orders that built trust.

Here's what I value most: when we discover a problem ‚Äî even years later ‚Äî we fix it. Replacement parts sent free of charge. Because this isn't just business. It's responsibility. It's real.

Thank you, Nok Yoga, for trusting us. And thank you, Adjust Body China, for the partnership.

Sometimes the path to your real business looks nothing like you expected. You just have to keep showing up, keep building relationships, and pay attention when someone says: I need something better.",ความล้มเหลวของธุรกิจ SUP ที่นำไปสู่ความสำเร็จที่แท้จริง,บทสนทนาเกี่ยวกับปัญหา การเดินทางไปพบซัพพลายเออร์ และการสั่งซื้อเล็กๆ น้อยๆ หลายปีได้สร้าง I-Flex ไม่ใช่จากแผนการใหญ่ — แต่จากความสัมพันธ์,"โปรเจ็กต์ SUP โยคะไม่ประสบความสำเร็จ แต่ถ้าเราไม่ได้ลงไปที่ทะเลสาบพร้อมกับกระดานพายเหล่านั้น เราก็คงไม่ได้พบคุณนก และถ้าเราไม่ได้พบคุณนก เราก็คงไม่พบเครื่องจักรที่กลายมาเป็นทุกสิ่ง

นี่คือเรื่องราว

ระหว่างที่เราทดสอบ SUP โยคะ เราได้เชื่อมโยงกับคุณนก ซึ่งเป็นเจ้าของสตูดิโอโยคะท้องถิ่น เธอพูดถึงบางอย่างผ่านๆ ที่ติดอยู่ในใจเรา: เธอกำลังมองหาเครื่อง Pilates reformer ที่ดี — ที่มีประสิทธิภาพและราคาเหมาะสม เครื่องปัจจุบันของเธอผลิตในเยอรมัน สวยงาม แต่แพง เธอต้องการทางเลือกอื่น

ตอนนี้ เราได้เรียนรู้สิ่งหนึ่งในช่วงหลายปีที่ผ่านมา: เรารู้วิธีทำงานกับจีน วิจัย ซัพพลายเออร์ เดินทาง สร้างความสัมพันธ์ นั่นคือสิ่งที่เราทำ ดังนั้นเราจึงเริ่มค้นคว้า พูดคุยกับซัพพลายเออร์หลายราย กรองข้อมูลจนเจอรายที่รู้สึกใช่ จากนั้นเราก็บินไปพบเจ้าของด้วยตนเอง เพราะหลังจากที่เสียเงิน 1.5 ล้านบาทจากการดีลที่ไม่เคยเห็นสินค้า เราไม่เริ่มอะไรเลยโดยไม่มองตากับอีกฝ่าย

เราเริ่มต้นเล็กๆ สามเครื่อง บางครั้งสี่เครื่อง สั่งซื้อเรื่อยๆ ไม่ได้เยอะมาก ตั้งแต่ปี 2022 เป็นต้นมา เราสั่งซื้อ พูดคุย พัฒนาดีไซน์ร่วมกันอย่างต่อเนื่อง มันไม่ใช่ธุรกิจหลักของเรา พูดตามตรง มันแทบจะเป็นเสียงพื้นหลังในขณะที่เราหาทางอื่น

จากนั้น ในปี 2025 เราได้พูดคุยกับสก็อตต์ เจ้าของซัพพลายเออร์ของเรา เขามองมาที่เราแล้วพูดว่า: คุณสร้างธุรกิจนี้ในประเทศไทยอย่างจริงจังมาหลายปีแล้ว ทำไมไม่รับการสนับสนุนจากเราและเปิดให้คนอื่นบ้างล่ะ?

และเขาพูดถูก สินค้าถูกทดสอบแล้ว พิสูจน์แล้ว ผ่านการใช้งานจริงหลายปี ข้อเสนอแนะจริง การพัฒนาจริง เรารู้ว่ามันเป็นหนึ่งในเครื่องที่ดีที่สุดในตลาดในราคาที่สมเหตุสมผล ดังนั้น I-Flex Thailand จึงถือกำเนิดขึ้น

ไม่ใช่จากแผนการใหญ่ ไม่ใช่จากพิตช์เด็คหรือเงินทุนนักลงทุน แต่มาจากบทสนทนาเกี่ยวกับปัญหาที่คุณนกมี การเดินทางไปพบซัพพลายเออร์ในจีน และคำสั่งซื้อเล็กๆ น้อยๆ ที่ต่อเนื่องกันหลายปีซึ่งสร้างความไว้วางใจ

นี่คือสิ่งที่เราให้คุณค่ามากที่สุด: เมื่อเราค้นพบปัญหา — แม้จะผ่านไปหลายปี — เราก็แก้ไข ส่งอะไหล่ทดแทนให้ฟรี เพราะนี่ไม่ใช่แค่ธุรกิจ มันคือความรับผิดชอบ มันคือของจริง

ขอบคุณ นก โยคะ ที่ไว้วางใจเรา และขอบคุณ Adjust Body China สำหรับความร่วมมือ

บางครั้งเส้นทางสู่ธุรกิจที่แท้จริงของคุณอาจดูไม่เป็นอย่างที่คุณคาดหวัง คุณเพียงแค่ต้องปรากฏตัว สร้างความสัมพันธ์ และใส่ใจเมื่อมีคนพูดว่า: เราต้องการอะไรที่ดีกว่านี้"
post-5,"A Claw Machine, a Daughter's Question, and the Business I Didn't See Coming",Business,'Can we buy one for home?' That question led to a factory partnership in China and Daje Queencatcher. Sometimes the best businesses start as the smallest questions.,https://res.cloudinary.com/dfiomi0lb/image/upload/t_1000px-file-type-t0-jpeg/v1774009343/blog_5_image_1.png,"https://res.cloudinary.com/dfiomi0lb/image/upload/t_1000px-file-type-t0-jpeg/v1774009344/blog_5_image_2.png,https://res.cloudinary.com/dfiomi0lb/image/upload/t_1000px-file-type-t0-jpeg/v1774009344/blog_5_image_3.png,https://res.cloudinary.com/dfiomi0lb/image/upload/t_1000px-file-type-t0-jpeg/clawmachine-production-3,https://res.cloudinary.com/dfiomi0lb/image/upload/t_1000px-file-type-t0-jpeg/shop-2","My daughter looked at me with the kind of focus only a seven-year-old can have and asked: Can we buy one for home?

She'd been playing claw machines everywhere we went. And somewhere along the way, she got good. Really good. Better than average. She'd figured out the timing, the grip, the machines that paid out and the ones that didn't. It was her thing. So when she asked if we could have one at home, I didn't say no. I said: Let me look into it.

That answer sent me down a path I never expected.

By 2024, I had gone back to corporate work. Not because I wanted to, but because most of my businesses ‚Äî Flow, I-Flex ‚Äî were still more like fun projects than serious income. They were real, but they weren't paying the bills yet. So I was doing the corporate thing again while building on the side.

When my daughter asked about the claw machine, I did what I always do: research. I found a supplier in China. But something felt off. The original company I wanted to buy from showed signs of long-term trust issues quickly. Red flags. So I kept looking.

That's when I ended up in Panyu at a hotel. A gentleman I'd connected with showed up and asked for a short talk. I said yes. Half an hour, I told myself. Just a conversation. He invited me to see his lab in the back of the hotel. I went.

That half hour turned into a partnership that's still growing. Snail Time ‚Äî that's the name we work under. Today we have multiple projects running. A small factory in Thailand producing parts. And we're solving real problems for customers: technical support, custom modifications, things most importers never bother with.

What started as a daughter wanting a claw machine became Daje Queencatcher.

Here's what I've learned: sometimes the most serious businesses start as the least serious questions. I wasn't looking for a new venture. I was trying to make my kid happy. But I showed up, I paid attention, and when the right person appeared, I said yes to the conversation.

That's how it works. You don't plan it. You just keep your eyes open, trust your gut on who feels right, and let the small things lead to bigger things.

And yes ‚Äî my daughter got her claw machine. But she got something else too. She watched her dad build something from nothing, starting with her question.",เครื่องหยิบตุ๊กตา คำถามของลูกสาว และธุรกิจที่เราไม่คาดคิด,ซื้อที่บ้านได้ไหม? คำถามนั้นนำไปสู่ความร่วมมือกับโรงงานในจีนและ Daje Queencatcher บางครั้งธุรกิจที่ดีที่สุดก็เริ่มต้นจากคำถามที่เล็กที่สุด,"ลูกสาวของเรามองเราด้วยสมาธิที่เด็กอายุเจ็ดขวบเท่านั้นที่จะมี แล้วถามว่า: ซื้อที่บ้านได้ไหม?

เธอเคยเล่นเครื่องหยิบตุ๊กตาทุกที่ที่เราไป และระหว่างทาง เธอเก่งขึ้น เก่งมาก เก่งกว่าค่าเฉลี่ย เธอจับจังหวะได้ แรงจับได้ เครื่องไหนจ่ายรางวัล เครื่องไหนไม่ มันเป็นสิ่งที่เธอถนัด ดังนั้นเมื่อเธอถามว่าจะมีเครื่องที่บ้านได้ไหม เราไม่ได้ตอบปฏิเสธ เราบอกว่า: ให้พ่อลองหาดู

คำตอบนั้นพาเราไปสู่เส้นทางที่เราไม่เคยคาดคิด

ภายในปี 2024 เรากลับไปทำงานบริษัท ไม่ใช่เพราะเราอยาก แต่เพราะธุรกิจส่วนใหญ่ของเรา — Flow, I-Flex — ยังคงเป็นเหมือนโปรเจ็กต์สนุกๆ มากกว่ารายได้หลัก มันเป็นธุรกิจจริง แต่มันยังไม่สามารถจ่ายค่าครองชีพได้ในตอนนั้น ดังนั้นเราจึงกลับไปทำงานบริษัทอีกครั้งในขณะที่สร้างธุรกิจไปด้วย

เมื่อลูกสาวถามเกี่ยวกับเครื่องหยิบตุ๊กตา เราทำสิ่งที่เรามักจะทำ: ค้นคว้า เราพบซัพพลายเออร์ในจีน แต่มีบางอย่างที่รู้สึกไม่ถูกต้อง บริษัทเดิมที่เราอยากซื้อมีสัญญาณของปัญหาความน่าเชื่อถือระยะยาวโดยเร็ว มีธงแดง เราจึงค้นหาต่อ

นั่นคือตอนที่เราไปลงเอยที่ปานหยูในโรงแรมแห่งหนึ่ง สุภาพบุรุษที่เราติดต่อด้วยมาหาและขอคุยสักครู่ เราตอบตกลง ครึ่งชั่วโมง เราบอกตัวเอง แค่บทสนทนา เขาเชิญเราไปดูแล็บที่อยู่ด้านหลังโรงแรม เราไป

ครึ่งชั่วโมงนั้นกลายเป็นความร่วมมือที่ยังคงเติบโตจนถึงทุกวันนี้ Snail Time — นั่นคือชื่อที่เราทำงานร่วมกัน ปัจจุบันเรามีโปรเจ็กต์หลายอย่าง โรงงานขนาดเล็กในไทยที่ผลิตชิ้นส่วน และเรากำลังแก้ปัญหาจริงให้กับลูกค้า: การสนับสนุนทางเทคนิค การปรับแต่งเฉพาะทาง สิ่งที่ผู้นำเข้าส่วนใหญ่ไม่เคยใส่ใจ

สิ่งที่เริ่มต้นจากการที่ลูกสาวอยากได้เครื่องหยิบตุ๊กตากลายเป็น Daje Queencatcher

นี่คือสิ่งที่เราได้เรียนรู้: บางครั้งธุรกิจที่จริงจังที่สุดก็เริ่มต้นจากคำถามที่ไม่จริงจังที่สุด เราไม่ได้มองหาโอกาสใหม่ๆ เราแค่พยายามทำให้ลูกมีความสุข แต่เราปรากฏตัว เราใส่ใจ และเมื่อคนที่ใช่ปรากฏตัว เราตอบตกลงที่จะพูดคุย

นั่นคือวิธีการทำงาน คุณไม่ได้วางแผนมัน คุณแค่ลืมตาดู ไว้ใจสัญชาตญาณว่าใครที่รู้สึกใช่ และปล่อยให้สิ่งเล็กๆ นำไปสู่สิ่งที่ยิ่งใหญ่กว่า

แล้วลูกสาวของเราก็ได้เครื่องหยิบตุ๊กตาของเธอ แต่เธอได้อะไรมากกว่านั้น เธอได้เห็นพ่อของเธอสร้างบางสิ่งจากความว่างเปล่า โดยเริ่มจากคำถามของเธอ"
post-6,"A Spill of Coffee, an Expensive Capsule, and the Question That Changed Everything",Business,Coffee spilled across my notes. The capsule next to me was expensive. Why can't we do this? That question became Jade Project.,https://res.cloudinary.com/dfiomi0lb/image/upload/t_1000px-file-type-t0-jpeg/v1774009345/blog_6_image_1.png,"https://res.cloudinary.com/dfiomi0lb/image/upload/t_1000px-file-type-t0-jpeg/v1774009346/blog_6_image_2.png,https://res.cloudinary.com/dfiomi0lb/image/upload/t_1000px-file-type-t0-jpeg/v1774009349/blog_6_image_3.png","Coffee spilled across my paper. Brown liquid soaking into notes, blurring words I'd been staring at for hours. I wiped it up, annoyed, and looked at the capsule sitting next to me. Expensive. Beautiful packaging. The coffee inside? Good. Not great. But the price? Painful.

And that's when the question hit me: Why can't we do this?

Let me back up.

For years, most of my businesses circled around one person: my daughter, Janis. The skateboards. The surfskate shop. Even the claw machine. Everything was built around what she loved. And that made sense ‚Äî Janis Lifestyle was named for her. But I started realizing something: businesses tied to one person's passion have limits. They reach certain people, sure. But they don't scale to everyone.

So I started asking a different question: What really matters for the next business?

The coffee spill was accidental. But the thought that followed wasn't. I looked at that expensive capsule and thought about the pain behind it. People who love good coffee but hate the price. Small cafes dying because they can't compete with big brands. Coffee drinkers stuck between overpriced capsules and bad alternatives.

What if I could make a great capsule at a good price? What if I could help cafes ‚Äî the ones struggling to survive ‚Äî turn into custom capsule brands they can sell online? What if I could build something that solves a problem I actually experience myself?

That's how Jade Project began.

Again, I'm using what I know. Supply chain. Chinese and Thai manufacturing. Finding the right supplier, building the right relationship, controlling quality. The same formula that built I-Flex, that built the claw machine partnership. But this time, it's not about a trend. It's not about my daughter's hobby. It's about a daily pain point. A product I'd buy myself. A problem I actually have.

Here's what's different this time: if this doesn't sell, I still drink the coffee. There's no inventory of unsold skateboards gathering dust. No lake permits to chase. Just a good product that solves a real problem.

Jade Project is rolling soon. And for the first time in a while, I feel like I'm building something that isn't just for one person. It's for anyone who's ever looked at an expensive capsule and thought: There has to be a better way.",กาแฟหก แคปซูลราคาแพง และคำถามที่เปลี่ยนแปลงทุกอย่าง,กาแฟหกใส่โน้ตของเรา แคปซูลที่อยู่ข้างๆ มีราคาแพง ทำไมเราทำแบบนี้ไม่ได้? คำถามนั้นกลายเป็น Jade Project,"กาแฟหกใส่กระดาษของเรา น้ำสีน้ำตาลซึมลงในโน้ต ทำลายตัวอักษรที่เราจ้องมองมาหลายชั่วโมง เราทำความสะอาด รำคาญเล็กน้อย และมองไปที่แคปซูลที่วางอยู่ข้างๆ ราคาแพง บรรจุภัณฑ์สวยงาม กาแฟข้างใน? ดี แต่ไม่ถึงกับเยี่ยม แต่ราคา? เจ็บปวด

และนั่นคือตอนที่คำถามผุดขึ้นในหัวเรา: ทำไมเราทำแบบนี้ไม่ได้?

ขอเล่าย้อนกลับไป

เป็นเวลาหลายปี ธุรกิจส่วนใหญ่ของเราวนเวียนอยู่กับคนๆ เดียว: ลูกสาวของเรา จานิส สเก็ตบอร์ด ร้าน surfskate แม้แต่เครื่องหยิบตุ๊กตา ทุกอย่างสร้างขึ้นจากสิ่งที่เธอรัก และนั่นก็สมเหตุสมผล — Janis Lifestyle ตั้งชื่อตามเธอ แต่เราเริ่มตระหนักถึงบางสิ่ง: ธุรกิจที่ผูกติดกับความหลงใหลของคนๆ เดียวมีข้อจำกัด มันเข้าถึงคนบางกลุ่ม แต่ไม่สามารถขยายไปถึงทุกคนได้

ดังนั้นเราจึงเริ่มถามคำถามที่แตกต่างออกไป: อะไรที่สำคัญจริงๆ สำหรับธุรกิจต่อไป?

กาแฟหกเป็นอุบัติเหตุ แต่ความคิดที่ตามมาไม่ใช่ เรามองไปที่แคปซูลราคาแพงนั้นและนึกถึงความเจ็บปวดที่อยู่เบื้องหลัง ผู้คนที่ชอบกาแฟดีแต่เกลียดราคาแพง ร้านคาเฟ่เล็กๆ ที่กำลังจะตายเพราะสู้แบรนด์ใหญ่ไม่ได้ คนดื่มกาแฟที่ติดอยู่ระหว่างแคปซูลราคาแพงกับทางเลือกแย่ๆ

จะเป็นอย่างไรถ้าเราสามารถทำแคปซูลที่ดีในราคาที่ดีได้? จะเป็นอย่างไรถ้าเราสามารถช่วยคาเฟ่ — ร้านที่กำลังดิ้นรนเพื่อความอยู่รอด — ให้กลายเป็นแบรนด์แคปซูลสั่งทำที่พวกเขาขายออนไลน์ได้? จะเป็นอย่างไรถ้าเราสามารถสร้างสิ่งที่แก้ปัญหาให้กับประสบการณ์ตรงของเราเอง?

นั่นคือจุดเริ่มต้นของ Jade Project

อีกครั้ง เราใช้สิ่งที่เรารู้ ซัพพลายเชน การผลิตในจีนและไทย การหาซัพพลายเออร์ที่ใช่ การสร้างความสัมพันธ์ที่ใช่ การควบคุมคุณภาพ สูตรเดียวกับที่สร้าง I-Flex ที่สร้างความร่วมมือเครื่องหยิบตุ๊กตา แต่ครั้งนี้ มันไม่เกี่ยวกับกระแส ไม่เกี่ยวกับงานอดิเรกของลูกสาว มันเกี่ยวกับจุดปวดในชีวิตประจำวัน สินค้าที่เราจะซื้อเอง ปัญหาที่เรามีจริง

นี่คือสิ่งที่แตกต่างในครั้งนี้: ถ้ามันขายไม่ออก เรายังดื่มกาแฟได้ ไม่มีสต็อกสเก็ตบอร์ดขายไม่ออกที่เก็บฝุ่น ไม่ต้องไล่ตามใบอนุญาตทะเลสาบ แค่สินค้าดีๆ ที่แก้ปัญหาได้จริง

Jade Project กำลังจะเปิดตัวเร็วๆ นี้ และเป็นครั้งแรกในรอบหลายปีที่เรารู้สึกว่ากำลังสร้างบางสิ่งที่ไม่ใช่แค่เพื่อใครคนใดคนหนึ่ง แต่สำหรับทุกคนที่เคยมองแคปซูลราคาแพงแล้วคิดว่า: มันต้องมีวิธีที่ดีกว่านี้สิ"
